<resources>

    <!-- Base application theme. -->
    <style name="AppTheme" parent="Theme.MaterialComponents.Light.NoActionBar">
        <!-- Customize your theme here. -->
        <item name="colorPrimary">@color/colorPrimary</item>
        <item name="colorPrimaryDark">@color/colorPrimaryDark</item>
        <item name="colorAccent">@color/colorAccent</item>
		<item name="android:windowActionBar">true</item>
		<item name="android:windowNoTitle">true</item>
		<item name="android:windowFullscreen">true</item>
        
    </style>

	<style name="TabLayoutSelected" parent="android:Widget">
		<item name="tabBackground">@drawable/tab_background</item>
		<item name="tabIndicatorColor">@color/colorWhite</item>
		<item name="tabIndicatorHeight">3dp</item>
        
    
    </style>
</resources>
